{
    "data": {
        "edges": {
            "0": {
                "1": {
                    "distance": 549.4215139580903,
                    "time": 584.6371765187047,
                    "consumption": 629.606353818542
                },
                "2": {
                    "distance": 491.20260585628006,
                    "time": 611.2137924365828,
                    "consumption": 478.33865244664736
                },
                "3": {
                    "distance": 538.2759515341551,
                    "time": 553.6586950137988,
                    "consumption": 431.90890585426087
                },
                "4": {
                    "distance": 671.74474318747,
                    "time": 859.7612543524396,
                    "consumption": 804.0318585701144
                }
            },
            "1": {
                "2": {
                    "distance": 94.19129471453293,
                    "time": 113.15215517003679,
                    "consumption": 109.32582749956183
                },
                "3": {
                    "distance": 76.05918747922567,
                    "time": 79.32518167885199,
                    "consumption": 67.71569737766511
                },
                "4": {
                    "distance": 1206.3187804224885,
                    "time": 1464.109882006452,
                    "consumption": 1213.9475868100665
                }
            },
            "2": {
                "3": {
                    "distance": 151.56846637740978,
                    "time": 166.75935404561835,
                    "consumption": 164.1821196284434
                },
                "4": {
                    "distance": 1133.5294438169658,
                    "time": 1160.5848232181397,
                    "consumption": 1156.7900026346088
                }
            },
            "3": {
                "4": {
                    "distance": 1205.4310432372313,
                    "time": 1558.1155352166336,
                    "consumption": 1322.7564424578795
                }
            },
            "4": {}
        },
        "optimization_parameter": "time",
        "constraints": []
           
    }
}